Heart Rate (bpm),SpO2 (%),Suction Pressure (mmHg),Latch/Tongue Motion (0_1),Lip Compression Force (g),POFRAS Score (0_36)
145,98,95,0.8,45,29
130,96,80,0.7,38,26
175,92,70,0.5,28,19
110,89,35,0.2,15,7
160,95,105,0.75,35,28
125,90,55,0.4,22,12
148,99,130,0.9,50,34
185,94,72,0.6,30,21
105,87,28,0.1,14,5
135,97,100,0.8,42,31
155,96,110,0.85,44,32
140,94,85,0.7,38,26
175,91,68,0.5,28,19
115,88,40,0.3,18,7
125,90,55,0.4,22,12
148,99,130,0.9,50,34
180,94,72,0.6,30,21
105,87,28,0.2,14,5
135,97,100,0.8,42,31
150,90,60,0.4,26,18
142,98,110,0.85,48,33
170,93,75,0.6,32,23
118,89,38,0.25,17,9
160,95,90,0.7,37,26
128,91,50,0.3,20,14
152,98,120,0.9,49,35
178,92,80,0.7,34,24
110,88,35,0.2,16,7
145,96,105,0.8,43,32
130,90,65,0.4,25,17
158,97,115,0.85,46,33
172,93,70,0.5,29,22
123,91,45,0.3,19,11
102,87,25,0.1,12,4
156,99,135,0.95,55,36
149,97,105,0.8,44,32
166,92,62,0.5,27,20
132,89,48,0.4,21,14
116,88,32,0.25,15,7
140,96,90,0.75,45,29
165,92,75,0.6,29,22
115,88,30,0.2,15,6
158,95,105,0.7,38,28
128,91,55,0.4,22,14
178,93,65,0.5,26,21
145,98,115,0.9,48,34
110,87,25,0.1,12,5
135,97,100,0.8,42,31
185,90,80,0.6,30,23
175,92,86,0.7,32,25
172,93,88,0.76,34,26
176,99,89,0.8,35,29
182,97,88,0.7,24,30
